{"cameraMode":{"drawMode":0,"name":"Shaded","section":"Shading Mode"},"sceneLighting":true,"audioPlay":false,"sceneViewState":{"showFog":true,"showMaterialUpdate":false,"showSkybox":false,"showFlares":true,"showImageEffects":true,"showParticleSystems":true},"in2DMode":false,"pivot":{"x":1.4090194702148438,"y":4.315960884094238,"z":0.8812675476074219},"rotation":{"x":-0.40023648738861086,"y":-0.5960630774497986,"z":0.44734475016593935,"w":-0.5333203673362732},"size":178.85574340820313,"orthographic":false}