{"cameraMode":{"drawMode":0,"name":"Shaded","section":"Shading Mode"},"sceneLighting":true,"audioPlay":false,"sceneViewState":{"showFog":true,"showMaterialUpdate":false,"showSkybox":true,"showFlares":true,"showImageEffects":true,"showParticleSystems":true},"in2DMode":false,"pivot":{"x":24.985897064208986,"y":1.554741621017456,"z":20.000028610229493},"rotation":{"x":-0.03717460110783577,"y":-0.9627799391746521,"z":0.1949741542339325,"w":-0.1835549771785736},"size":5.161877155303955,"orthographic":false}